{
  "com.liferay.client.extension.type.configuration.CETConfiguration~reactdemo" : {
    "baseURL" : "${portalURL}/o/reactdemo",
    "description" : "",
    "dxp.lxc.liferay.com.virtualInstanceId" : "default",
    "name" : "sample-custom-element",
    "sourceCodeURL" : "",
    "type" : "customElement",
    "typeSettings" : [ "cssURLs=static/css/main.css", "friendlyURLMapping=mycustomelem-element", "htmlElementName=mycustomelem-element", "instanceable=false", "portletCategoryName=category.remote-apps", "urls=static/js/main.js", "useESM=true" ]
  }
}